<?xml version="1.0" encoding="UTF-8"?>
<sbml xmlns="http://www.sbml.org/sbml/level2/version3" level="2" version="3">
  <model id="BirthDeath01" name="Birth-death model (001), variant 01">
    <listOfUnitDefinitions>
      <unitDefinition id="substance">
        <listOfUnits>
          <unit kind="item"/>
        </listOfUnits>
      </unitDefinition>
    </listOfUnitDefinitions>
    <listOfCompartments>
      <compartment id="Cell"/>
    </listOfCompartments>
    <listOfSpecies>
      <species id="X" compartment="Cell" initialAmount="100" hasOnlySubstanceUnits="true"/>
    </listOfSpecies>
    <listOfParameters>
      <parameter id="Lambda" value="0.1"/>
      <parameter id="Mu" value="0.11"/>
    </listOfParameters>
    <listOfReactions>
      <reaction id="Birth" reversible="false">
        <listOfReactants>
          <speciesReference species="X"/>
        </listOfReactants>
        <listOfProducts>
          <speciesReference species="X" stoichiometry="2"/>
        </listOfProducts>
        <kineticLaw>
          <math xmlns="http://www.w3.org/1998/Math/MathML">
            <apply>
              <times/>
              <ci> Lambda </ci>
              <ci> X </ci>
            </apply>
          </math>
        </kineticLaw>
      </reaction>
      <reaction id="Death" reversible="false">
        <listOfReactants>
          <speciesReference species="X"/>
        </listOfReactants>
        <kineticLaw>
          <math xmlns="http://www.w3.org/1998/Math/MathML">
            <apply>
              <times/>
              <ci> Mu </ci>
              <ci> X </ci>
            </apply>
          </math>
        </kineticLaw>
      </reaction>
    </listOfReactions>
  </model>
</sbml>
