<?xml version="1.0" encoding="UTF-8"?>
<sbml xmlns="http://www.sbml.org/sbml/level2/version3" level="2" version="3">
  <model id="Dimerisation01" name="Dimerisation model (003), variant 01">
    <listOfUnitDefinitions>
      <unitDefinition id="substance">
        <listOfUnits>
          <unit kind="item"/>
        </listOfUnits>
      </unitDefinition>
    </listOfUnitDefinitions>
    <listOfCompartments>
      <compartment id="Cell"/>
    </listOfCompartments>
    <listOfSpecies>
      <species id="P" compartment="Cell" initialAmount="100" hasOnlySubstanceUnits="true"/>
      <species id="P2" compartment="Cell" initialAmount="0" hasOnlySubstanceUnits="true"/>
    </listOfSpecies>
    <listOfParameters>
      <parameter id="k1" value="0.001"/>
      <parameter id="k2" value="0.01"/>
    </listOfParameters>
    <listOfReactions>
      <reaction id="Dimerisation" reversible="false">
        <listOfReactants>
          <speciesReference species="P" stoichiometry="2"/>
        </listOfReactants>
        <listOfProducts>
          <speciesReference species="P2"/>
        </listOfProducts>
        <kineticLaw>
          <math xmlns="http://www.w3.org/1998/Math/MathML">
            <apply>
              <divide/>
              <apply>
                <times/>
                <ci> k1 </ci>
                <ci> P </ci>
                <apply>
                  <minus/>
                  <ci> P </ci>
                  <cn type="integer"> 1 </cn>
                </apply>
              </apply>
              <cn type="integer"> 2 </cn>
            </apply>
          </math>
        </kineticLaw>
      </reaction>
      <reaction id="Disassociation" reversible="false">
        <listOfReactants>
          <speciesReference species="P2"/>
        </listOfReactants>
        <listOfProducts>
          <speciesReference species="P" stoichiometry="2"/>
        </listOfProducts>
        <kineticLaw>
          <math xmlns="http://www.w3.org/1998/Math/MathML">
            <apply>
              <times/>
              <ci> k2 </ci>
              <ci> P2 </ci>
            </apply>
          </math>
        </kineticLaw>
      </reaction>
    </listOfReactions>
  </model>
</sbml>
